country,year,"GDP (current US$)","Patent applications", "residents,CO2 emissions (kt)","Scientific and technical journal articles"
Argentina,1990,141352368715,955,112614,1627,1955
Argentina,1991,189719989669,943,117022,1499,1851
Argentina,1992,228779382769,503,121448,1526,1919
Argentina,1993,236753563470,787,118610,1585,2261
Argentina,1994,257439956992,694,123351,1747,2820
Argentina,1995,258031878144,676,122548,1968,3588
Argentina,1996,272149757952,1097,129218,2288,4012
Argentina,1997,292858888192,824,134678,2451,5035
Argentina,1998,298948362240,861,137674,2551,5459
Argentina,1999,283523022848,899,145489,2636,5558
Argentina,2000,284203745280,1062,141077,2847,5574
Argentina,2001,268696715264,691,132632,2931,5088
Argentina,2002,102040334259,718,123267,3179,4143
Argentina,2003,129597103034,792,133127,2920,3765
Argentina,2004,153129481874,786,156171,2982,3816
Argentina,2005,183193408941,1054,155650,3059,4215
Argentina,2006,214066231200,1020,171180,3264,4597
Argentina,2007,260768703250,937,173589,3365,4806
Argentina,2008,326582808528,801,182129,3568,4781
Argentina,2009,307155148185,0,174718,3656,0
Argentina,2010,368736062144,0,0,0,0
Argentina,2011,446044143597,0,0,0,0
Austria,1990,164753092098,2025,60726,2690,670
Austria,1991,172008564526,2076,65603,2756,544
Austria,1992,193073835463,2117,60543,3047,517
Austria,1993,188423702828,2190,60282,3051,513
Austria,1994,201444060957,1989,61104,3177,516
Austria,1995,238561783814,1728,61731,3425,458
Austria,1996,234676456980,1909,63025,3647,449
Austria,1997,207826098771,1910,63902,3948,397
Austria,1998,213329585372,1957,65566,4074,349
Austria,1999,212301777115,2028,63799,4158,341
Austria,2000,192070749954,1961,63696,4258,340
Austria,2001,191678678300,1815,65717,4480,284
Austria,2002,207537336722,1932,67180,4460,329
Austria,2003,253945776524,2120,72317,4693,213
Austria,2004,291430382498,2248,71866,4716,266
Austria,2005,304983601950,2270,74510,4568,235
Austria,2006,324954402045,2271,71650,4615,378
Austria,2007,375041784030,2385,69013,4828,287
Austria,2008,414171069690,2298,68232,4816,329
Austria,2009,383626706102,2263,62314,4833,292
Austria,2010,376837981579,2424,0,0,249
Austria,2011,417656162500,2154,0,0,276
Australia,1990,311412081570,0,287332,10664,0
Australia,1991,326154148027,0,281531,10742,0
Australia,1992,325587941245,0,294457,11452,0
Australia,1993,312315205172,0,302117,11929,0
Australia,1994,323412659980,0,303958,12695,0
Australia,1995,368595188596,1784,307434,13126,12277
Australia,1996,401900606981,1797,329260,13624,13221
Australia,1997,435891375803,1760,333624,13816,15398
Australia,1998,399745642000,1862,346913,14308,16063
Australia,1999,389474871538,1858,325524,14342,17960
Australia,2000,415774037556,1928,329605,14589,20073
Australia,2001,379357625846,2187,324860,14484,20548
Australia,2002,395012557556,2364,341398,14256,20181
Australia,2003,466474082703,2418,346477,14934,19176
Australia,2004,611491677337,2559,349224,15588,20274
Australia,2005,692353781387,2555,367133,15973,21302
Australia,2006,744959568734,2837,377382,17217,23166
Australia,2007,850516605167,2718,381357,17834,24122
Australia,2008,1052255352170,2821,393000,18777,23525
Australia,2009,923499434131,2494,400195,18924,21187
Australia,2010,1138262493190,2409,0,0,22478
Australia,2011,1384145284190,2383,0,0,23143
Belgium,1990,202832423616,643,108470,4103,613
Belgium,1991,207948632759,625,117579,4164,574
Belgium,1992,231923859990,675,114374,4431,499
Belgium,1993,221986453440,809,108925,4512,679
Belgium,1994,241903369307,744,113307,4949,446
Belgium,1995,284519704434,732,112977,5172,355
Belgium,1996,275796742672,776,119625,5555,310
Belgium,1997,249766576455,792,116296,5532,269
Belgium,1998,255599022005,690,119185,5688,249
Belgium,1999,254503515875,591,115845,5713,249
Belgium,2000,232672747375,577,115709,5736,243
Belgium,2001,232485906041,571,114767,5827,264
Belgium,2002,252795031056,601,107532,6037,147
Belgium,2003,311689616253,519,114836,6303,188
Belgium,2004,361683211960,514,111283,6626,122
Belgium,2005,377350395464,517,108525,6847,105
Belgium,2006,399965627161,490,106835,6736,161
Belgium,2007,459618853660,454,102530,7078,163
Belgium,2008,507379060315,575,104866,7298,133
Belgium,2009,473351828107,669,103593,7218,148
Belgium,2010,468511842106,620,0,0,140
Belgium,2011,513862500000,636,0,0,127
Brazil,1990,461951782000,2389,208887,2374,5148
Brazil,1991,407337832906,2319,219331,2640,4625
Brazil,1992,390566551484,2100,220706,3107,4374
Brazil,1993,438299504407,2429,230739,2885,4221
Brazil,1994,546233380260,2269,242155,3073,4228
Brazil,1995,768951297895,2707,258348,3437,4741
Brazil,1996,839682618645,2611,284783,3814,5446
Brazil,1997,871200342860,2756,300548,4498,13479
Brazil,1998,843827363150,2491,312290,5235,13546
Brazil,1999,586862640400,2816,320174,5860,14693
Brazil,2000,644701831102,3080,327984,6408,14296
Brazil,2001,553582178387,3323,337434,7053,13881
Brazil,2002,504221228975,3365,332267,7882,12657
Brazil,2003,552469288268,3689,321622,8331,14015
Brazil,2004,663760341881,3958,337827,9573,15314
Brazil,2005,882185702548,3905,347309,9897,16100
Brazil,2006,1088916819850,3810,347669,10800,20264
Brazil,2007,1366853244420,4023,363213,11891,17802
Brazil,2008,1653538618140,4084,387676,12910,18833
Brazil,2009,1620165226990,3921,367148,12307,18023
Brazil,2010,2143035333260,2705,0,0,19981
Brazil,2011,2476652189880,0,0,0,0
Canada,1990,582722831677,2549,450077,22792,24375
Canada,1991,598208082396,2182,449054,22903,21097
Canada,1992,579531728304,2807,467649,24180,22950
Canada,1993,563664832184,3623,477921,23824,23307
Canada,1994,564493995314,2480,454492,24565,13870
Canada,1995,590517341883,2431,459791,23740,24161
Canada,1996,613761642831,2583,467884,23842,24987
Canada,1997,637536472628,3344,483234,22781,25238
Canada,1998,616766430739,3809,517220,22201,30163
Canada,1999,661264723700,4061,515416,22126,33189
Canada,2000,724918860683,4187,534484,22702,35435
Canada,2001,715423553720,3963,525691,21946,35753
Canada,2002,734661951189,3959,519163,22342,35782
Canada,2003,865873242453,3929,553186,23554,33299
Canada,2004,992226099522,5231,552350,24233,32970
Canada,2005,1133759985480,5183,563072,25862,34705
Canada,2006,1278610846640,5522,550234,27206,36516
Canada,2007,1424065729450,4998,560802,27834,35133
Canada,2008,1502678437550,5061,544975,28637,37028
Canada,2009,1337577639750,5067,513938,29017,32410
Canada,2010,1577040082220,4550,0,0,30899
Canada,2011,1777788888890,4754,0,0,30357
Switzerland,1990,244022455457,2987,42864,5901,1081
Switzerland,1991,246903857953,2949,41999,6098,893
Switzerland,1992,257022107044,3068,43066,6651,903
Switzerland,1993,249966798831,2999,40763,6871,874
Switzerland,1994,276720695310,3033,41320,7372,892
Switzerland,1995,323971635946,2890,39234,7220,830
Switzerland,1996,312031429539,2504,39930,7569,718
Switzerland,1997,272270373867,2408,41467,7864,620
Switzerland,1998,278904197267,2025,41830,7984,564
Switzerland,1999,273548236723,1916,40701,8195,535
Switzerland,2000,256042925983,2083,39050,8504,468
Switzerland,2001,262647169330,1859,42963,7950,594
Switzerland,2002,286658255889,1827,40719,7879,466
Switzerland,2003,334574926430,1831,40205,8134,396
Switzerland,2004,374224186244,1742,40393,8675,434
Switzerland,2005,384753967479,1643,41375,8767,455
Switzerland,2006,405183914853,1740,41878,9234,362
Switzerland,2007,450528109860,1692,38020,9195,342
Switzerland,2008,524289203563,1594,40393,9335,439
Switzerland,2009,509467163037,1684,41599,9470,394
Switzerland,2010,552224618427,1622,0,0,533
Switzerland,2011,659307920845,1597,0,0,446
Chile,1990,31558927518,169,34144,830,642
Chile,1991,36424168147,151,32182,819,838
Chile,1992,44467946385,178,33315,835,949
Chile,1993,47693992627,155,35475,877,1179
Chile,1994,55154226760,219,38889,798,1418
Chile,1995,71349202309,171,42457,889,1535
Chile,1996,75769008175,176,48519,921,1771
Chile,1997,82808986192,161,56172,955,2411
Chile,1998,79373597081,207,57715,992,2568
Chile,1999,72995286765,204,60884,1059,2608
Chile,2000,79328640264,241,58695,1116,2879
Chile,2001,72336972323,246,52758,1160,2504
Chile,2002,70984568429,391,55361,1312,2147
Chile,2003,77840186385,329,55079,1407,2076
Chile,2004,100630707852,382,60048,1465,2485
Chile,2005,124404150139,361,61302,1560,2646
Chile,2006,154412421262,291,62725,1631,2924
Chile,2007,172868468117,403,67345,1742,3403
Chile,2008,179626662208,531,70682,1785,3421
Chile,2009,171956957321,343,66733,1868,1374
Chile,2010,217556231841,328,0,0,748
Chile,2011,251190532753,339,0,0,2453
China,1990,356936901184,5832,2460745,6285,4305
China,1991,379468656247,7372,2584539,6186,4051
China,1992,422660918112,10022,2695983,6956,4387
China,1993,440500898965,12084,2878695,7566,7534
China,1994,559224707281,11191,3058242,7821,7876
China,1995,728007199937,10011,3320286,9062,8688
China,1996,856084729313,11628,3463090,10527,11114
China,1997,952652693080,12672,3469511,12172,12102
China,1998,1019458585330,13751,3324345,13782,33645
China,1999,1083277930360,15626,3318056,15715,34418
China,2000,1198474934200,25346,3405180,18479,26560
China,2001,1324806914360,30038,3487567,21135,33412
China,2002,1453827554720,39806,3694243,23270,40426
China,2003,1640958732780,56769,4525178,28768,48548
China,2004,1931644331140,65786,5288167,34846,64598
China,2005,2256902590830,93485,5790017,41604,79842
China,2006,2712950886700,122318,6414464,49576,88183
China,2007,3494055944790,153060,6791805,56812,92101
China,2008,4521827288300,194579,7037711,65301,95259
China,2009,4991256406740,229096,7687114,74020,85508
China,2010,5930529470800,293066,0,0,98111
China,2011,7321935025070,415829,0,0,110583
Czech Republic,1990,39130979426,0,0,3079,0
Czech Republic,1991,28688387779,0,0,2881,0
Czech Republic,1992,33439461247,0,139035,3132,0
Czech Republic,1993,39263369286,893,131811,3308,2040
Czech Republic,1994,45972833317,756,125845,2179,2593
Czech Republic,1995,57787339865,626,125053,1955,2893
Czech Republic,1996,64894609845,614,127832,2186,3247
Czech Republic,1997,59463982355,579,129215,2305,3661
Czech Republic,1998,63863336208,624,122845,2264,3771
Czech Republic,1999,62165739784,596,112482,2360,4204
Czech Republic,2000,58807244368,555,124649,2482,4384
Czech Republic,2001,64375288107,568,124407,2571,4184
Czech Republic,2002,78425201661,526,120194,2747,5031
Czech Republic,2003,95292530753,625,122379,2821,2954
Czech Republic,2004,113976672925,623,122709,3179,629
Czech Republic,2005,130052420702,586,120736,3173,244
Czech Republic,2006,148345088496,641,122786,3566,195
Czech Republic,2007,180511237063,716,123945,3690,192
Czech Republic,2008,225448799063,712,116952,3937,142
Czech Republic,2009,197218205667,789,108122,3947,92
Czech Republic,2010,198475392671,868,0,0,114
Czech Republic,2011,216011355933,783,0,0,97
Germany,1990,1714470068620,30724,0,32295,8605
Germany,1991,1808603417800,32256,930857,32929,7784
Germany,1992,2064370695050,33919,893142,35120,7404
Germany,1993,2007452975280,34752,879061,34103,6995
Germany,1994,2148005303120,36715,867169,36901,7261
Germany,1995,2522860652380,38103,865754,37645,8055
Germany,1996,2436963867950,42322,891302,39214,9511
Germany,1997,2157229866910,44438,863975,41415,11291
Germany,1998,2178170501280,46523,857180,42955,10843
Germany,1999,2131046239080,50029,824474,42963,9502
Germany,2000,1886401326700,51736,832101,43510,10406
Germany,2001,1880894854590,49989,855757,42675,10486
Germany,2002,2006587615280,47598,830910,42436,10589
Germany,2003,2423814898420,47818,835658,42230,10663
Germany,2004,2726341472500,48448,828522,43014,10786
Germany,2005,2766253792970,48367,809597,44195,11855
Germany,2006,2902748698160,48012,811882,44544,12573
Germany,2007,3323807412150,47853,787236,44429,13139
Germany,2008,3623686234300,49240,786653,44914,13177
Germany,2009,3298635952560,47859,734600,45003,11724
Germany,2010,3284473684210,47047,0,0,12198
Germany,2011,3600833333330,46986,0,0,12458
Denmark,1990,135838154026,1218,49747,3716,1843
Denmark,1991,136693973267,1061,61214,3776,370
Denmark,1992,150195490466,1204,54320,4141,361
Denmark,1993,140626629035,1159,57158,4068,254
Denmark,1994,153593214477,1274,61052,4458,176
Denmark,1995,181983614166,1234,55141,4331,250
Denmark,1996,184435821823,1309,68603,4369,196
Denmark,1997,170435460671,1319,57055,4598,218
Denmark,1998,173653145894,1543,56069,4718,166
Denmark,1999,173944697687,1656,50931,4784,131
Denmark,2000,160082517846,1730,47261,4883,140
Denmark,2001,160476161869,1757,49036,4916,188
Denmark,2002,173880831444,1815,49267,4761,169
Denmark,2003,212621855883,1772,55735,5006,153
Denmark,2004,244727978021,1877,50598,5009,138
Denmark,2005,257675536235,1658,47099,5048,165
Denmark,2006,274376889679,1503,54598,5134,188
Denmark,2007,311417601999,1660,49872,5241,197
Denmark,2008,343881383959,1634,46850,5304,195
Denmark,2009,310544743671,1518,45699,5307,131
Denmark,2010,313365836299,1626,0,0,142
Denmark,2011,333616014898,1574,0,0,197
Estonia,1990,0,0,0,0,0
Estonia,1991,0,0,0,0,0
Estonia,1992,0,0,23037,2,0
Estonia,1993,0,0,18629,177,0
Estonia,1994,0,16,18662,202,452
Estonia,1995,3776938817,16,16755,216,63
Estonia,1996,4727884887,12,18809,271,198
Estonia,1997,5052078018,15,18614,230,360
Estonia,1998,5593921752,20,17144,305,443
Estonia,1999,5709010493,13,15475,341,604
Estonia,2000,5675174662,13,15560,328,791
Estonia,2001,6237914201,18,15985,346,699
Estonia,2002,7318186727,19,15472,322,700
Estonia,2003,9840743038,18,17554,355,584
Estonia,2004,12025943710,27,17840,390,97
Estonia,2005,13905561151,23,17463,439,15
Estonia,2006,16798495348,36,16946,457,9
Estonia,2007,21993658964,44,19953,503,19
Estonia,2008,23781539699,62,18383,477,10
Estonia,2009,19117606973,76,15952,519,20
Estonia,2010,18845656095,84,0,0,13
Estonia,2011,22154665059,62,0,0,15
Spain,1990,520968164832,2218,218865,6837,1079
Spain,1991,560395839591,2156,225858,7269,746
Spain,1992,612583910505,2076,234058,9267,561
Spain,1993,509818861675,2165,219408,9759,563
Spain,1994,515146428406,2136,233559,10534,537
Spain,1995,596750733921,2047,241733,11316,553
Spain,1996,622428740313,2274,233423,12496,524
Spain,1997,572637500000,2237,252169,13076,496
Spain,1998,600838623455,2271,261564,13720,476
Spain,1999,617879821011,2439,282385,14514,506
Spain,2000,580345494749,2710,294435,14796,484
Spain,2001,608856375839,2528,297831,15323,467
Spain,2002,686295878036,2763,314519,16063,371
Spain,2003,883839729120,2813,321098,16100,367
Spain,2004,1044612070300,2871,339429,17025,313
Spain,2005,1130798885740,3040,353463,18346,313
Spain,2006,1236352163540,3111,350038,19526,316
Spain,2007,1441426534070,3267,358237,20994,265
Spain,2008,1593420002200,3632,329286,21510,252
Spain,2009,1455956368260,3596,288230,21543,207
Spain,2010,1380109210530,3566,0,0,213
Spain,2011,1476881944440,3430,0,0,196
Finland,1990,138883532888,2059,51746,3071,4410
Finland,1991,125300691075,2123,53748,3211,2671
Finland,1992,110171223786,2052,47859,3438,3953
Finland,1993,87346726346,2166,50568,3603,2052
Finland,1994,100630620376,2306,57499,3974,1842
Finland,1995,130806100218,2058,52827,4077,1733
Finland,1996,128308309604,2179,61283,4330,483
Finland,1997,122987057611,2355,59993,4453,250
Finland,1998,129763017357,2471,56989,4514,212
Finland,1999,130322821224,2511,55424,4720,343
Finland,2000,121793808735,2579,52142,4844,324
Finland,2001,124642505593,2390,56425,4930,270
Finland,2002,135183512141,2162,61078,4905,207
Finland,2003,164256207675,1972,68889,4900,215
Finland,2004,189064585623,2011,66971,5019,209
Finland,2005,195777993335,1830,54606,4814,229
Finland,2006,207949409202,1816,66102,5088,202
Finland,2007,246127357187,1804,63916,4990,211
Finland,2008,271974219065,1799,56084,5113,147
Finland,2009,239382754296,1806,53568,4950,127
Finland,2010,235257894737,1731,0,0,102
Finland,2011,263179166667,1650,0,0,124
France,1990,1244163956150,12378,399029,22937,4260
France,1991,1245406348100,12597,427668,23518,3908
France,1992,1372967781910,12539,397038,26172,3547
France,1993,1297003822100,12638,389106,26225,3402
France,1994,1368008034030,12519,369458,28266,3520
France,1995,1572061768960,12419,393290,28848,3477
France,1996,1572776381590,12916,408127,29746,3484
France,1997,1421492020680,13252,379487,30322,3637
France,1998,1468872804090,13251,409095,31394,3544
France,1999,1456431067550,13592,371310,31346,3282
France,2000,1326334899580,13870,365560,31428,3483
France,2001,1338302818790,13499,385828,30598,3605
France,2002,1452030303030,13519,380448,30531,3389
France,2003,1792214221220,13511,387148,30304,3339
France,2004,2055678853690,14230,389707,29893,3060
France,2005,2136555489230,14327,391827,30340,2948
France,2006,2255705477450,14529,382282,31219,2720
France,2007,2582389733360,14722,375685,30752,2387
France,2008,2831794045480,14658,376994,31982,1761
France,2009,2619685000760,14100,363356,31749,1593
France,2010,2548315434210,14748,0,0,1832
France,2011,2779719500000,14655,0,0,2099
United Kingdom,1990,1019307528410,19310,570219,39069,8928
United Kingdom,1991,1064201058200,19230,593823,39950,8357
United Kingdom,1992,1101730431730,18848,587454,42404,7839
United Kingdom,1993,991046790642,18727,567524,42456,7922
United Kingdom,1994,1072190082640,18384,563776,45436,8081
United Kingdom,1995,1170658040080,18630,564524,45498,8891
United Kingdom,1996,1229931357260,18184,580608,46214,9821
United Kingdom,1997,1368099214150,17938,553673,45884,10171
United Kingdom,1998,1461937727720,19530,554139,46142,10083
United Kingdom,1999,1503751820090,21333,535551,46788,10399
United Kingdom,2000,1475705855650,22050,543663,48217,10697
United Kingdom,2001,1468026486250,21423,550553,45587,10658
United Kingdom,2002,1601617206240,20624,531939,44643,10907
United Kingdom,2003,1855666938780,20426,540641,45233,11198
United Kingdom,2004,2196860009520,19178,540410,45492,10776
United Kingdom,2005,2295844712160,17833,541990,45659,10155
United Kingdom,2006,2452969436250,17484,542045,46747,8261
United Kingdom,2007,2825526440060,17375,528632,47139,7624
United Kingdom,2008,2648935779080,16523,522247,46334,6856
United Kingdom,2009,2183862761500,15985,474580,45649,6480
United Kingdom,2010,2256260000000,15490,0,0,6439
United Kingdom,2011,2444883870970,15343,0,0,6916
Greece,1990,93345420405,241,72724,1397,466
Greece,1991,100260801400,188,67616,1598,192
Greece,1992,110827664282,222,75504,1736,211
Greece,1993,103756401539,221,75647,1759,171
Greece,1994,111187280894,267,78364,1974,139
Greece,1995,130522282544,266,79186,2059,46
Greece,1996,138028597015,267,80396,2250,37
Greece,1997,134653112719,293,84573,2434,57
Greece,1998,135274145129,276,87810,2612,34
Greece,1999,133187471441,290,86637,2626,33
Greece,2000,124418164456,306,91617,2977,34
Greece,2001,129841697352,385,93806,3204,49
Greece,2002,146050256231,376,93670,3448,36
Greece,2003,192850219245,393,95739,3587,27
Greece,2004,227950420086,379,97150,3929,28
Greece,2005,240075690333,462,98676,4292,20
Greece,2006,261713232776,532,97286,4875,30
Greece,2007,305431771155,575,98247,4982,20
Greece,2008,341593975534,628,97818,4954,30
Greece,2009,321016154722,698,94917,4881,22
Greece,2010,292304602599,728,0,0,16
Greece,2011,289627362871,0,0,0,0
"Hong Kong SAR, China",1990,76928290842,21,27661,827,1060
"Hong Kong SAR, China",1991,88959620136,16,28893,783,1076
"Hong Kong SAR, China",1992,104272278635,11,33429,824,1248
"Hong Kong SAR, China",1993,120353947981,9,35130,959,1186
"Hong Kong SAR, China",1994,135812069769,21,31430,1075,1619
"Hong Kong SAR, China",1995,144652912434,23,31621,0,1938
"Hong Kong SAR, China",1996,159717233622,41,29366,0,2059
"Hong Kong SAR, China",1997,177352785420,26,30855,0,2359
"Hong Kong SAR, China",1998,168886163222,128,39234,0,14539
"Hong Kong SAR, China",1999,165768095392,42,42754,0,5998
"Hong Kong SAR, China",2000,171668164083,51,40466,0,8244
"Hong Kong SAR, China",2001,169403241525,74,37972,0,8840
"Hong Kong SAR, China",2002,166349228738,112,36953,0,9018
"Hong Kong SAR, China",2003,161384522526,107,40066,0,8995
"Hong Kong SAR, China",2004,169099768876,127,38416,0,9878
"Hong Kong SAR, China",2005,181570082163,156,40547,0,11607
"Hong Kong SAR, China",2006,193536265095,172,38555,0,13618
"Hong Kong SAR, China",2007,211597405594,160,39963,0,13606
"Hong Kong SAR, China",2008,219279678431,173,38574,0,13489
"Hong Kong SAR, China",2009,214046415027,149,36993,0,11708
"Hong Kong SAR, China",2010,228695747310,133,0,0,11569
"Hong Kong SAR, China",2011,248725976362,181,0,0,13312
Indonesia,1990,114426498045,0,149566,104,0
Indonesia,1991,128167999847,34,179731,89,1280
Indonesia,1992,139116270053,67,202577,86,3905
Indonesia,1993,158006849879,38,218601,103,2031
Indonesia,1994,176892148244,29,221414,120,2305
Indonesia,1995,202132032845,61,224942,130,2813
Indonesia,1996,227369671350,40,253291,141,3957
Indonesia,1997,215748854647,79,278659,147,3939
Indonesia,1998,95445548018,93,210211,136,1753
Indonesia,1999,140001352528,152,241989,163,2784
Indonesia,2000,165021012262,157,263419,182,3733
Indonesia,2001,160446947639,212,294908,189,3714
Indonesia,2002,195660611034,234,306738,179,3609
Indonesia,2003,234772458819,201,316793,157,3099
Indonesia,2004,256836883305,227,337636,182,3441
Indonesia,2005,285868610017,235,341992,206,4069
Indonesia,2006,364570525998,288,345120,216,4324
Indonesia,2007,432216737775,0,375545,198,0
Indonesia,2008,510244548960,0,412498,219,0
Indonesia,2009,539579959053,437,451782,262,4103
Indonesia,2010,709190823347,516,0,0,5122
Indonesia,2011,846341442762,541,0,0,5297
Ireland,1990,48430542782,734,31408,902,4001
Ireland,1991,48903860535,786,31284,915,3794
Ireland,1992,54926080684,752,31324,946,2203
Ireland,1993,51487157975,788,31258,1003,229
Ireland,1994,56084271788,811,32706,1168,198
Ireland,1995,67912711541,840,32875,1218,150
Ireland,1996,74210771029,793,35537,1254,134
Ireland,1997,81368404700,796,36428,1331,144
Ireland,1998,88241376199,985,38145,1521,123
Ireland,1999,96614838435,996,40132,1459,118
Ireland,2000,97452184612,925,41221,1581,155
Ireland,2001,105273201631,1019,44030,1589,150
Ireland,2002,123167099020,914,43619,1629,68
Ireland,2003,158947453567,862,43201,1682,77
Ireland,2004,186492264266,787,43810,1936,58
Ireland,2005,202752241479,789,43392,2121,75
Ireland,2006,222958270103,838,43300,2303,97
Ireland,2007,258307438735,847,44584,2499,78
Ireland,2008,262030325151,931,43407,2662,76
Ireland,2009,224042002434,908,41643,2799,53
Ireland,2010,205903504499,733,0,0,59
Ireland,2011,220823245967,494,0,0,67
Israel,1990,52490325649,1052,33535,4968,2856
Israel,1991,59170288070,1087,34316,4873,2630
Israel,1992,65771216222,1400,41500,5234,2327
Israel,1993,65925582473,1318,45149,5575,2635
Israel,1994,74669718187,1261,47121,5559,2701
Israel,1995,95984455768,1266,54235,5741,3159
Israel,1996,105100103997,1218,54400,5751,2101
Israel,1997,108472199695,1441,63403,6048,1445
Israel,1998,109819478435,1950,62780,6021,3106
Israel,1999,110794986860,2053,62156,5929,3904
Israel,2000,124895151204,1599,62692,6290,5203
Israel,2001,122940533087,1248,65750,6234,8627
Israel,2002,112974376293,1213,63146,6381,5095
Israel,2003,118673283415,1329,65123,6525,4569
Israel,2004,126571173584,1544,63201,6462,4870
Israel,2005,133959001783,316,59212,6322,4808
Israel,2006,145479599623,257,67033,6559,7239
Israel,2007,167111803511,1615,67429,6633,6394
Israel,2008,201661649945,1528,69310,6607,6214
Israel,2009,194866363198,1387,67217,6305,5387
Israel,2010,217443434074,1450,0,0,5856
Israel,2011,242928731135,1360,0,0,5526
India,1990,326608014286,1147,690577,9200,2673
India,1991,274842348145,1267,737852,9517,2328
India,1992,293262352361,1248,783635,10100,2176
India,1993,284193716756,1209,814298,9763,2511
India,1994,333014463392,1588,864932,9928,3212
India,1995,366599645610,1545,920047,9371,5021
India,1996,399786888516,1661,1002225,9753,6901
India,1997,423160419440,1926,1043940,9618,8229
India,1998,428741030148,2247,1071912,9945,6707
India,1999,464344395617,2206,1144391,10191,2620
India,2000,474691627709,2206,1186664,10277,6332
India,2001,492378579616,2379,1203844,10801,8213
India,2002,522798457732,2693,1226792,11665,8772
India,2003,617572578403,3425,1281914,12463,9188
India,2004,721585293251,4014,1348525,13369,13452
India,2005,834216897837,4721,1411128,14636,19661
India,2006,949116769620,5686,1504365,16744,23242
India,2007,1238700195640,6296,1611405,18203,28922
India,2008,1224096625890,6425,1802159,18988,30387
India,2009,1365372912990,7262,1979425,19918,27025
India,2010,1710917218020,8853,0,0,30909
India,2011,1872845406800,8841,0,0,33450
Iceland,1990,6372905074,17,1992,89,113
Iceland,1991,6807365898,34,1768,104,99
Iceland,1992,6976080331,28,1830,105,121
Iceland,1993,6126456175,34,1992,122,112
Iceland,1994,6294803497,22,2010,137,108
Iceland,1995,7018100153,19,1948,156,49
Iceland,1996,7330965239,16,2212,146,75
Iceland,1997,7422994706,22,2105,143,216
Iceland,1998,8291725775,41,2102,175,254
Iceland,1999,8742600399,35,2069,144,357
Iceland,2000,8697298234,51,2164,151,825
Iceland,2001,7922983043,49,2102,178,713
Iceland,2002,8907207934,71,2171,196,379
Iceland,2003,10969898925,57,2168,195,748
Iceland,2004,13251434312,66,2234,191,463
Iceland,2005,16286323128,47,2204,207,545
Iceland,2006,16651492784,45,2278,233,326
Iceland,2007,20428232685,61,2340,232,53
Iceland,2008,16832079677,50,2219,233,31
Iceland,2009,12115001167,64,2028,260,22
Iceland,2010,12564460547,57,0,0,19
Iceland,2011,14074764559,50,0,0,21
Italy,1990,1138091138040,0,425255,13062,0
Italy,1991,1200715302560,0,434947,13778,0
Italy,1992,1271956871340,7568,428104,15462,486
Italy,1993,1026071880520,7493,423231,15279,483
Italy,1994,1059079564100,7872,412604,17000,439
Italy,1995,1131770110940,0,438695,17881,0
Italy,1996,1266354134490,6997,429428,19234,1678
Italy,1997,1198654411770,0,433601,19402,0
Italy,1998,1224579873010,0,442545,20056,0
Italy,1999,1208180354710,6281,437019,20328,1172
Italy,2000,1104009462560,7877,448141,21410,1396
Italy,2001,1123702691040,0,447055,22091,0
Italy,2002,1225176959600,0,449285,22483,0
Italy,2003,1514503536380,0,468350,23765,0
Italy,2004,1735521503770,0,472768,24760,0
Italy,2005,1786275014010,0,473381,24663,0
Italy,2006,1872982702430,0,470176,25803,0
Italy,2007,2127180496500,9255,461129,26561,870
Italy,2008,2307311495090,8588,447367,26854,861
Italy,2009,2111148008710,8814,400837,26756,903
Italy,2010,2041954747600,8877,0,0,846
Italy,2011,2192357094740,8794,0,0,927
Japan,1990,3103698099970,332952,1094633,38570,27752
Japan,1991,3536800942900,335564,1100526,39590,26026
Japan,1992,3852794371590,337498,1123562,44143,24699
Japan,1993,4414962786900,331774,1108564,43339,23726
Japan,1994,4850348016490,319261,1174027,46692,21940
Japan,1995,5333925511060,333770,1183946,47068,35061
Japan,1996,4706187126020,339045,1205611,50345,37629
Japan,1997,4324278106870,349211,1201632,51463,52407
Japan,1998,3914574887340,357379,1159066,53839,44716
Japan,1999,4432599282920,357531,1198042,55274,46926
Japan,2000,4731198760270,384201,1219593,57101,35342
Japan,2001,4159859918090,382815,1202267,56082,57433
Japan,2002,3980819536160,365204,1216751,56347,56601
Japan,2003,4302939184960,358184,1237393,57229,54909
Japan,2004,4655803055650,368416,1259659,56536,54665
Japan,2005,4571875737180,367960,1238181,55528,59118
Japan,2006,4356761451090,347060,1231298,54468,61614
Japan,2007,4356329296670,333498,1251170,52909,62793
Japan,2008,4849208099920,330110,1207687,51842,60892
Japan,2009,5035141567660,295315,1101135,49627,53281
Japan,2010,5495379357480,290081,0,0,54517
Japan,2011,5896794887860,287580,0,0,55030
"Korea, Rep.",1990,263776986550,9082,246944,1170,16738
"Korea, Rep.",1991,308185041250,13253,261483,1361,14880
"Korea, Rep.",1992,329885864344,15951,284281,1759,15122
"Korea, Rep.",1993,362135746945,21449,321952,2184,15044
"Korea, Rep.",1994,423434190056,28554,344038,2931,17158
"Korea, Rep.",1995,517118129838,59228,374772,3804,19271
"Korea, Rep.",1996,557643607434,68405,403719,4771,21921
"Korea, Rep.",1997,516282942111,67359,430008,5803,25325
"Korea, Rep.",1998,345432412376,50596,364823,7057,24637
"Korea, Rep.",1999,445399303512,55970,399847,8479,24672
"Korea, Rep.",2000,533384027729,72831,447562,9572,29179
"Korea, Rep.",2001,504585783004,73714,450194,11008,30898
"Korea, Rep.",2002,575928909991,76570,465632,11735,29566
"Korea, Rep.",2003,643762388702,90313,466216,13401,28338
"Korea, Rep.",2004,721975255824,105250,482585,15255,34865
"Korea, Rep.",2005,844863004336,122188,462919,16396,38733
"Korea, Rep.",2006,951773478985,125476,470807,17910,40713
"Korea, Rep.",2007,1049235951190,128701,495838,18470,43768
"Korea, Rep.",2008,931402204982,127114,508052,21091,43518
"Korea, Rep.",2009,834060441841,127316,509376,22271,36207
"Korea, Rep.",2010,1014890141870,131805,0,0,38296
"Korea, Rep.",2011,1114471962890,138034,0,0,40890
Kuwait,1990,18427778572,0,48313,368,0
Kuwait,1991,11009955544,0,10191,209,0
Kuwait,1992,19858555905,0,21086,104,0
Kuwait,1993,23941392355,0,33275,112,0
Kuwait,1994,24848484745,0,38907,186,0
Kuwait,1995,27191687675,0,54822,190,0
Kuwait,1996,31492937201,0,50154,209,0
Kuwait,1997,30350433060,0,54921,224,0
Kuwait,1998,25946185994,0,51746,235,0
Kuwait,1999,30120888964,0,54023,296,0
Kuwait,2000,37718011469,0,55182,239,0
Kuwait,2001,34890773741,0,55123,245,0
Kuwait,2002,38138801498,0,52754,228,0
Kuwait,2003,47875837663,0,61657,231,0
Kuwait,2004,59440511982,0,63535,245,0
Kuwait,2005,80797945206,0,71547,235,0
Kuwait,2006,101561153807,0,73770,257,0
Kuwait,2007,114721830986,0,75236,242,0
Kuwait,2008,147402413799,0,79758,240,0
Kuwait,2009,105911338609,0,80205,215,0
Kuwait,2010,124348317666,0,0,0,0
Kuwait,2011,176590075215,0,0,0,0
Luxembourg,1990,12668658432,41,10011,17,165
Luxembourg,1991,13714989141,52,10649,15,119
Luxembourg,1992,15384954869,0,10759,23,0
Luxembourg,1993,15788267748,73,10836,22,166
Luxembourg,1994,17549235947,50,10220,26,74
Luxembourg,1995,20673371648,35,8350,28,69
Luxembourg,1996,20579153095,52,8438,18,77
Luxembourg,1997,18514433920,48,7918,34,102
Luxembourg,1998,19351522561,44,7357,33,68
Luxembourg,1999,21185382485,24,7687,29,86
Luxembourg,2000,20267551134,85,8240,41,91
Luxembourg,2001,20196868009,51,8801,46,70
Luxembourg,2002,22568793526,41,9417,40,42
Luxembourg,2003,29144582393,16,9905,39,8
Luxembourg,2004,34077095479,23,11269,62,18
Luxembourg,2005,37643013481,24,11548,59,64
Luxembourg,2006,42544669011,26,11306,65,26
Luxembourg,2007,51320626631,15,10752,74,25
Luxembourg,2008,54742739957,48,10660,112,23
Luxembourg,2009,50047718739,60,10143,137,24
Luxembourg,2010,52507236843,79,0,0,21
Luxembourg,2011,59200833334,85,0,0,43
Mexico,1990,262709785593,661,314416,1038,4400
Mexico,1991,314453895612,564,326345,1082,4707
Mexico,1992,363609268790,565,328472,1336,7130
Mexico,1993,403195508734,553,330335,1502,7659
Mexico,1994,421725049058,498,347984,1663,9446
Mexico,1995,286698251725,432,328039,1938,4802
Mexico,1996,332908981436,384,340815,2124,6370
Mexico,1997,401480129437,418,358384,2302,3544
Mexico,1998,421214803221,451,373411,2659,3254
Mexico,1999,481202434427,455,381849,2884,11655
Mexico,2000,581426421972,431,381519,2971,12630
Mexico,2001,622092637152,534,394801,3203,13031
Mexico,2002,649075575302,526,391251,3321,12536
Mexico,2003,700324664927,468,405633,3659,11739
Mexico,2004,759777472171,565,410745,3870,12633
Mexico,2005,848947464609,584,435046,3932,13851
Mexico,2006,951915698649,574,441797,3999,14931
Mexico,2007,1036000680570,629,456799,4224,15970
Mexico,2008,1093096181800,685,476641,4257,15896
Mexico,2009,884351745753,822,446238,4128,13459
Mexico,2010,1035071158250,951,0,0,13625
Mexico,2011,1158146656760,1065,0,0,12990
Netherlands,1990,294871112187,2147,164128,10176,764
Netherlands,1991,303365157945,1605,172705,10106,595
Netherlands,1992,336214285715,1753,168114,11060,555
Netherlands,1993,327495253916,1733,172151,11360,560
Netherlands,1994,351190216734,1748,172746,11961,501
Netherlands,1995,418969256108,2123,176310,12090,569
Netherlands,1996,417980392157,2348,186357,12413,633
Netherlands,1997,386533770048,2391,178279,12445,637
Netherlands,1998,402648300378,2451,175360,12501,549
Netherlands,1999,411456424462,2545,163028,12169,506
Netherlands,2000,385074626866,2465,165364,12341,529
Netherlands,2001,400654138703,2110,167274,12118,543
Netherlands,2002,437807265199,2122,172364,12482,481
Netherlands,2003,538312641084,2288,175041,12658,573
Netherlands,2004,609889925686,2187,176904,13241,556
Netherlands,2005,638470626275,2217,172228,13895,633
Netherlands,2006,677691901433,2168,167201,13990,548
Netherlands,2007,782566743039,2079,171766,14216,367
Netherlands,2008,870811147325,2421,173846,14638,311
Netherlands,2009,796333367138,2575,169651,14866,279
Netherlands,2010,774657894737,2527,0,0,240
Netherlands,2011,836073611112,2585,0,0,310
Norway,1990,117623688037,899,31364,2426,4745
Norway,1991,119657406408,924,32024,2403,4213
Norway,1992,128298978197,941,29601,2655,4120
Norway,1993,118168337069,1031,32197,2637,3886
Norway,1994,124519241669,1074,29248,2805,4072
Norway,1995,148919844678,1128,34907,2920,4280
Norway,1996,160158299483,1291,33180,2932,4336
Norway,1997,158223061046,1256,34133,2965,4959
Norway,1998,151139149912,1213,36472,3039,5006
Norway,1999,159045286697,1335,41023,3043,5255
Norway,2000,168288531892,1311,38808,3136,5389
Norway,2001,170922851074,1189,41093,3215,5242
Norway,2002,191927027231,1178,37430,3100,5109
Norway,2003,224880794328,1079,42626,3131,4782
Norway,2004,260029106208,1142,42666,3371,4348
Norway,2005,304060069849,1143,42365,3652,4843
Norway,2006,340041912704,1119,44258,3897,4957
Norway,2007,393479162082,1225,45123,4082,5431
Norway,2008,453885460993,1150,50326,4300,4280
Norway,2009,378849392447,1246,47077,4440,2358
Norway,2010,421236092716,1117,0,0,696
Norway,2011,491064821429,1122,0,0,654
New Zealand,1990,44508720780,802,23682,2227,3869
New Zealand,1991,41825931032,983,24195,2102,3550
New Zealand,1992,40749360060,1031,25145,2253,3390
New Zealand,1993,45834429523,1236,26909,2256,1866
New Zealand,1994,54271827353,1254,26396,2454,2517
New Zealand,1995,62806740330,1284,27034,2443,3435
New Zealand,1996,68883812835,1275,28709,2576,6192
New Zealand,1997,64933427915,1572,31108,2727,8259
New Zealand,1998,55208409127,1181,29931,2802,4519
New Zealand,1999,57710571021,1420,32739,2916,6541
New Zealand,2000,51613868880,1463,32706,2851,5585
New Zealand,2001,52885795371,1768,33983,2851,5507
New Zealand,2002,65477781212,1839,33418,2740,5109
New Zealand,2003,86751097350,1845,33913,2800,5028
New Zealand,2004,102238013446,1631,33726,2826,4900
New Zealand,2005,113094660705,1893,33964,2988,5112
New Zealand,2006,109333766234,2153,33898,3082,5212
New Zealand,2007,134864705883,1892,33213,3176,5952
New Zealand,2008,130000000000,1256,33686,3324,4468
New Zealand,2009,116481875000,1555,32065,3188,4803
New Zealand,2010,139767625900,1585,0,0,5051
New Zealand,2011,0,1501,0,0,4708
Poland,1990,64549596206,4106,366774,3999,1315
Poland,1991,83650183225,3389,361592,3919,1086
Poland,1992,92295029651,2891,357284,4113,1354
Poland,1993,93964209359,2659,352520,3848,1013
Poland,1994,108405182433,2676,336162,4041,1327
Poland,1995,139061765458,2595,346814,4550,1265
Poland,1996,156684099255,2411,358824,4507,1297
Poland,1997,157153835129,2399,351050,4566,3950
Poland,1998,172901536514,2407,326936,4786,4128
Poland,1999,167801749889,2285,317134,5101,4671
Poland,2000,171276118425,2404,301692,5506,4899
Poland,2001,190420870075,2202,302807,5630,4328
Poland,2002,198179425152,2313,296932,6020,4292
Poland,2003,216800888643,2268,304857,6582,3973
Poland,2004,252768998590,2381,304989,6673,5359
Poland,2005,303912247951,2028,303522,6854,4555
Poland,2006,341669943594,2157,319411,7233,655
Poland,2007,425321502151,2392,315201,7138,361
Poland,2008,529432301179,2488,316059,7530,290
Poland,2009,430917310343,2899,298905,7356,241
Poland,2010,469736810691,3203,0,0,227
Poland,2011,515666869137,3879,0,0,244
Portugal,1990,77663802715,101,42197,587,3541
Portugal,1991,88043207533,102,43935,640,3453
Portugal,1992,106156800912,69,48196,712,1138
Portugal,1993,93742304699,88,46813,794,180
Portugal,1994,98358776511,103,47569,914,88
Portugal,1995,116546238557,81,51925,991,120
Portugal,1996,121154795945,86,50733,1097,76
Portugal,1997,115661406519,71,53234,1255,101
Portugal,1998,122858971505,96,58056,1419,61
Portugal,1999,126423822715,81,64690,1711,114
Portugal,2000,117299520914,81,62967,1880,65
Portugal,2001,120332080537,107,62864,2082,56
Portugal,2002,132285714286,130,66821,2332,49
Portugal,2003,161931941310,125,61276,2424,40
Portugal,2004,185397304328,123,63176,2854,64
Portugal,2005,191847858529,158,65310,2912,47
Portugal,2006,201790398437,184,59109,3629,36
Portugal,2007,231741573803,250,60865,3425,31
Portugal,2008,251925293881,381,58357,3857,24
Portugal,2009,234119384366,571,57400,4157,46
Portugal,2010,227446710527,499,0,0,46
Portugal,2011,237573750000,571,0,0,75
Russian Federation,1990,516814258696,0,0,0,0
Russian Federation,1991,509381638907,906,0,0,297
Russian Federation,1992,460205414726,39494,2134066,817,11850
Russian Federation,1993,435060123491,28503,1963936,19659,3974
Russian Federation,1994,395086555838,21250,1722555,21612,4495
Russian Federation,1995,395528488656,17551,1662527,18604,6893
Russian Federation,1996,391721392326,18014,1631907,18554,7980
Russian Federation,1997,404926534141,15106,1559238,18134,8123
Russian Federation,1998,270953116951,16454,1526745,17166,8299
Russian Federation,1999,195905767669,19900,1538835,17146,7944
Russian Federation,2000,259708496268,23377,1558112,17181,8960
Russian Federation,2001,306602673981,24777,1558013,15658,9313
Russian Federation,2002,345110438694,23712,1557665,15848,9596
Russian Federation,2003,430347770734,24969,1604973,15148,9901
Russian Federation,2004,591016690743,22985,1602964,14922,7205
Russian Federation,2005,764000901161,23644,1615684,14425,8609
Russian Federation,2006,989930542279,27884,1669604,13562,9807
Russian Federation,2007,1299705764820,27505,1667576,13954,11934
Russian Federation,2008,1660846387630,27712,1715665,13971,14137
Russian Federation,2009,1222648134230,25598,1574387,14017,12966
Russian Federation,2010,1524916698230,28722,0,0,13778
Russian Federation,2011,1899085300760,26495,0,0,14919
Saudi Arabia,1990,116778111980,16,217949,644,439
Saudi Arabia,1991,131335915473,27,267769,613,492
Saudi Arabia,1992,136304139412,21,285535,653,605
Saudi Arabia,1993,132151405583,21,313819,713,729
Saudi Arabia,1994,134327104602,33,309019,734,687
Saudi Arabia,1995,142457681256,28,236254,754,718
Saudi Arabia,1996,157743126867,27,258751,735,810
Saudi Arabia,1997,164993858633,57,216240,677,1001
Saudi Arabia,1998,145772799591,45,207681,683,1286
Saudi Arabia,1999,160957062622,72,226460,605,1144
Saudi Arabia,2000,188441864875,76,296936,590,797
Saudi Arabia,2001,183012268442,46,297215,565,683
Saudi Arabia,2002,188551196399,61,326408,583,552
Saudi Arabia,2003,214572800000,56,327273,550,487
Saudi Arabia,2004,250338933334,81,395835,551,395
Saudi Arabia,2005,315580048571,119,397643,577,374
Saudi Arabia,2006,356630440588,119,432740,558,419
Saudi Arabia,2007,384891141943,128,393536,590,642
Saudi Arabia,2008,476304800000,0,418240,621,0
Saudi Arabia,2009,376693333334,0,432773,711,0
Saudi Arabia,2010,450792000000,288,0,0,643
Saudi Arabia,2011,576824000000,347,0,0,643
Sweden,1990,244414239373,3108,51129,8172,1073
Sweden,1991,257764861514,3154,53227,8139,702
Sweden,1992,267030117793,3291,55229,8273,657
Sweden,1993,202037798392,3760,52035,8547,614
Sweden,1994,217546397097,3953,54540,8972,636
Sweden,1995,253679923738,3941,50744,9288,924
Sweden,1996,276456158664,4111,57701,9558,857
Sweden,1997,253177906718,4130,51845,9656,940
Sweden,1998,254723204066,3972,52978,9835,753
Sweden,1999,258813540860,4142,51107,9890,853
Sweden,2000,247260155858,4224,49795,9884,844
Sweden,2001,227359498892,3926,51129,10023,574
Sweden,2002,250960758337,3358,57426,9873,597
Sweden,2003,314713404153,3025,54782,9677,703
Sweden,2004,362089648913,2768,54521,9854,462
Sweden,2005,370579639748,2522,51562,10017,438
Sweden,2006,399075661573,2446,49571,10106,413
Sweden,2007,462512853671,2527,48060,9918,398
Sweden,2008,486158607820,2549,49105,9682,306
Sweden,2009,405782994636,2186,43744,9478,463
Sweden,2010,462903051318,2196,0,0,353
Sweden,2011,539277966102,2004,0,0,337
Singapore,1990,36092962044,0,46942,572,0
Singapore,1991,43066242460,0,47426,599,0
Singapore,1992,49043269370,0,50268,755,0
Singapore,1993,59983977573,0,54628,854,0
Singapore,1994,69230583564,0,65368,1022,0
Singapore,1995,80788992428,145,47110,1142,2412
Singapore,1996,94688546181,224,55306,1142,12357
Singapore,1997,104561712490,288,69241,1339,6048
Singapore,1998,95823611618,311,57294,1585,6367
Singapore,1999,85963561403,374,50264,1898,6679
Singapore,2000,95922652586,516,47624,2361,7720
Singapore,2001,91148432629,523,42765,2435,8133
Singapore,2002,90582818234,624,42061,2632,7575
Singapore,2003,93362870573,626,34654,2940,7248
Singapore,2004,109336483914,641,40770,3385,7944
Singapore,2005,123506892268,569,49446,3612,8036
Singapore,2006,139020876514,626,46909,3838,8537
Singapore,2007,168705756483,696,35266,3794,9255
Singapore,2008,178924164930,793,31361,4070,8899
Singapore,2009,194131267855,750,31896,4187,7986
Singapore,2010,217200123753,895,0,0,8878
Singapore,2011,245024318395,1056,0,0,8738
Slovenia,1990,17381802759,0,0,0,0
Slovenia,1991,12673485228,21,0,0,1
Slovenia,1992,12522536279,188,12468,10,409
Slovenia,1993,12673039188,277,13154,404,784
Slovenia,1994,14385505627,286,13326,459,404
Slovenia,1995,20940864810,314,14390,435,116
Slovenia,1996,21149908176,288,14936,477,201
Slovenia,1997,20420238058,266,15842,604,238
Slovenia,1998,21747365516,288,15182,623,127
Slovenia,1999,22309684227,261,15219,708,138
Slovenia,2000,19979467791,307,14243,892,124
Slovenia,2001,20498926981,301,15149,851,107
Slovenia,2002,23136352387,300,15398,849,101
Slovenia,2003,29152072068,310,15486,951,60
Slovenia,2004,33837749816,342,15728,929,42
Slovenia,2005,35717733758,344,15857,1036,29
Slovenia,2006,38945146500,287,16234,1063,12
Slovenia,2007,47306799055,331,16194,1283,15
Slovenia,2008,54606018256,301,17158,1305,6
Slovenia,2009,49056152692,373,15292,1235,12
Slovenia,2010,46908328072,442,0,0,11
Slovenia,2011,50279399500,0,0,0,0
Slovak Republic,1990,11716492830,0,0,0,0
Slovak Republic,1991,13119169442,0,0,0,0
Slovak Republic,1992,14271366596,0,45647,44,0
Slovak Republic,1993,16145671515,282,40972,0,681
Slovak Republic,1994,19705254561,248,40352,1151,620
Slovak Republic,1995,25253597386,269,43509,1080,1400
Slovak Republic,1996,27284429658,195,42794,1141,1498
Slovak Republic,1997,27039033647,224,41984,1070,1578
Slovak Republic,1998,29278281687,213,43231,1141,1612
Slovak Republic,1999,29947934158,213,39864,980,1683
Slovak Republic,2000,28724041828,236,36531,978,1804
Slovak Republic,2001,30318731992,246,39358,923,1696
Slovak Republic,2002,34638306042,259,39252,955,1599
Slovak Republic,2003,45837416479,210,39494,898,1437
Slovak Republic,2004,56073225727,215,38750,1071,238
Slovak Republic,2005,61328471584,155,39175,922,95
Slovak Republic,2006,69002095095,193,38929,1007,90
Slovak Republic,2007,84108560088,239,36601,971,106
Slovak Republic,2008,97908891168,167,37558,1084,75
Slovak Republic,2009,87239747152,176,33891,1001,63
Slovak Republic,2010,87077443709,234,0,0,48
Slovak Republic,2011,96063803170,224,0,0,33
Turkey,1990,150676291095,138,145855,750,1090
Turkey,1991,151041248185,148,148613,846,1057
Turkey,1992,159095003189,189,153105,1048,1063
Turkey,1993,180422294773,169,159134,1172,1057
Turkey,1994,130690172298,151,156845,1397,1216
Turkey,1995,169485941049,170,171972,1715,1520
Turkey,1996,181475555283,189,188198,2228,735
Turkey,1997,189834649112,203,198528,2481,1327
Turkey,1998,269287100116,207,200607,2795,2276
Turkey,1999,249751470870,276,196768,3223,2744
Turkey,2000,266567531990,277,216148,3485,3156
Turkey,2001,196005288839,337,194539,4151,2875
Turkey,2002,232534560775,414,205679,5227,1424
Turkey,2003,303005302819,489,218510,6039,348
Turkey,2004,392166274992,682,225407,7435,235
Turkey,2005,482979839238,928,237369,7817,218
Turkey,2006,530900095205,1072,261571,8181,160
Turkey,2007,647155133932,1810,284659,8641,211
Turkey,2008,730337495967,2221,285275,8543,176
Turkey,2009,614553921824,2555,277845,8301,177
Turkey,2010,731144392557,3180,0,0,177
Turkey,2011,774775177387,3885,0,0,228
United States,1990,5750800000000,90643,4879377,191559,80520
United States,1991,5930700000000,87955,4870239,194015,84160
United States,1992,6261800000000,92425,4876007,198864,90922
United States,1993,6582900000000,99955,5167486,197397,84241
United States,1994,6993300000000,107233,5227177,199769,95522
United States,1995,7338400000000,123962,5237969,193337,104180
United States,1996,7751100000000,106892,5343513,193162,105054
United States,1997,8256500000000,119214,5501366,189752,101282
United States,1998,8741000000000,134733,5449078,190432,102246
United States,1999,9301000000000,149251,5528150,188005,116512
United States,2000,9898800000000,164795,5713451,192743,131100
United States,2001,10233900000000,177513,5601369,190594,148958
United States,2002,10590200000000,184245,5650958,190497,150200
United States,2003,11089300000000,188941,5681665,196446,153500
United States,2004,11797800000000,189536,5790762,202098,167407
United States,2005,12564300000000,207867,5826394,205565,182866
United States,2006,13314500000000,221784,5737616,209273,204182
United States,2007,13961800000000,241347,5828697,209898,214807
United States,2008,14219300000000,231588,5656839,212883,224733
United States,2009,13898300000000,224912,5299564,208601,231194
United States,2010,14419400000000,241977,0,0,248249
United States,2011,14991300000000,247750,0,0,255832
South Africa,1990,112013934431,1093,333514,2406,4943
South Africa,1991,120225332340,1023,346338,2552,4654
South Africa,1992,130513031864,888,324853,2419,4423
South Africa,1993,130405965475,904,342550,2377,4282
South Africa,1994,135777918773,935,358930,2459,4968
South Africa,1995,151113087805,883,353459,2351,5482
South Africa,1996,143731991361,757,358640,2216,6115
South Africa,1997,148814165966,355,371328,2223,6917
South Africa,1998,134295554244,200,372219,2225,7190
South Africa,1999,133183581579,138,371035,2303,3002
South Africa,2000,132877640158,895,368611,2221,2400
South Africa,2001,118478986833,966,362744,2292,5427
South Africa,2002,111100858131,983,347687,2328,5617
South Africa,2003,168219325184,922,380811,2205,5303
South Africa,2004,219092936700,956,427133,2320,5833
South Africa,2005,247051562312,1003,396117,2396,6001
South Africa,2006,261007039379,866,424844,2643,6739
South Africa,2007,286171830701,915,443649,2808,7402
South Africa,2008,273141750193,860,464958,2916,7081
South Africa,2009,283985548071,822,499017,2864,5913
South Africa,2010,363240728681,821,0,0,5562
South Africa,2011,401802218557,656,0,0,6589